sample_path,group,total_params,changed_params,change_ops,feature_combo,matched_feature_combo,correct_trials,total_trials,accuracy
PIL/PIL.Image.Image.show@8.4.0-9.0.0/PIL.Image.Image.show#1YY/image.show__@8.4.0-9.0.0_L3_tempLst1.json,semantic,2,1,1,"(2,1,1)",no,25,25,1.0000000000
PIL/PIL.ImagePalette.ImagePalette@9.5.0-10.0.0/PIL.ImagePalette.ImagePalette#1YY/ImagePalette.ImagePalette__@9.5.0-10.0.0_L2_tempLst1.json,semantic,3,1,1,"(3,1,1)",no,25,25,1.0000000000
aiohttp/aiohttp.BaseConnector@0.8.1-0.8.2/aiohttp.BaseConnector#1YY/aiohttp.BaseConnector__@0.8.1-0.8.2_L2_tempLst1.json,semantic,5,2,2,"(5,2,2)",yes,17,25,0.6800000000
aiohttp/aiohttp.ClientSession@1.3.5-2.0.0/aiohttp.ClientSession#1YY/aiohttp.ClientSession__@1.3.5-2.0.0_L18_tempLst1.json,semantic,17,5,5,"(17,5,5)",no,18,25,0.7200000000
aiohttp/aiohttp.TCPConnector@2.3.10-3.0.0/aiohttp.TCPConnector#1YY/aiohttp.TCPConnector__@2.3.10-3.0.0_L9_tempLst1.json,semantic,16,2,2,"(16,2,2)",no,19,25,0.7600000000
click/click.Command@7.0-7.1/click.Command#1YY/click.Command__my_command__@7.0-7.1_L2_tempLst1.json,nonsemantic,11,2,3,"(11,2,3)",yes,15,25,0.6000000000
click/click.secho@6.7-7.0/click.secho#1YY/click.secho__Hello__Click___@6.7-7.0_L2_tempLst1.json,semantic,5,1,1,"(5,1,1)",no,23,25,0.9200000000
dask/dask.dataframe.core.drop@2.2.0-2.3.0/dask.dataframe.core.drop#1YY/ddf.drop__B___1_@2.2.0-2.3.0_L5_tempLst1.json,nonsemantic,3,1,2,"(3,1,2)",no,16,25,0.6400000000
dask/dask.dataframe.drop_duplicates@2.4.0-2.5.0/dask.dataframe.drop_duplicates#1YY/ddf.drop_duplicates__@2.4.0-2.5.0_L5_tempLst1.json,nonsemantic,2,2,3,"(2,2,3)",no,15,25,0.6000000000
dask/dask.dataframe.read_parquet@2022.4.1-2022.4.2/dask.dataframe.read_parquet#1YY/dd.read_parquet__._example.parquet__@2022.4.1-2022.4.2_L2_tempLst1.json,semantic,14,2,2,"(14,2,2)",no,17,25,0.6800000000
dask/dask.dataframe.repartition@1.2.2-2.0.0/dask.dataframe.repartition#1YY/ddf.repartition_None__10_@1.2.2-2.0.0_L5_tempLst1.json,nonsemantic,4,2,3,"(4,2,3)",no,16,25,0.6400000000
dask/dask.dataframe.utils.assert_eq@2022.5.2-2022.6.0/dask.dataframe.utils.assert_eq#1YY/assert_eq_ddf_result__pdf_result_@2022.5.2-2022.6.0_L8_tempLst1.json,nonsemantic,7,1,2,"(7,1,2)",no,15,25,0.6000000000
django/django.views.static.was_modified_since@4.0.10-4.1.0/django.views.static.was_modified_since#1YY/was_modified_since__@4.0.10-4.1.0_L2_tempLst1.json,semantic,3,1,1,"(3,1,1)",no,25,25,1.0000000000
django/models.Index@1.11.29-2.0/models.Index#1NN/models.Index___question_text____pub_date___@1.11.29-2.0_L2_tempLst1.json,nonsemantic,3,3,3,"(3,3,3)",no,19,25,0.7600000000
fastapi/fastapi.encoders.jsonable_encoder@0.60.2-0.61.0/fastapi.encoders.jsonable_encoder#1YY/jsonable_encoder_item_@0.60.2-0.61.0_L14_tempLst1.json,semantic,10,7,7,"(10,7,7)",no,21,25,0.8400000000
flask/flask.json.load@2.2.5-2.3.0/flask.json.load#1YY/flask.json.load_text_file_@2.2.5-2.3.0_L4_tempLst1.json,semantic,2,1,1,"(2,1,1)",no,25,25,1.0000000000
flask/from_file@2.2.5-2.3.0/from_file#1YY/app.config.from_file__._test.json___json.load_@2.2.5-2.3.0_L4_tempLst1.json,nonsemantic,4,2,2,"(4,2,2)",no,15,25,0.6000000000
gensim/gensim.models.base_any2vec.BaseWordEmbeddingsModel@3.4.0-3.5.0/gensim.models.base_any2vec.BaseWordEmbeddingsModel#1YY/BaseWordEmbeddingsModel__@3.4.0-3.5.0_L2_tempLst1.json,nonsemantic,17,4,5,"(17,4,5)",no,15,25,0.6000000000
gensim/gensim.models.coherencemodel.CoherenceModel@0.13.1-0.13.2/gensim.models.coherencemodel.CoherenceModel#1NN/CoherenceModel_lda_model__documents_@0.13.1-0.13.2_L8_tempLst1.json,nonsemantic,7,6,7,"(7,6,7)",no,16,25,0.6400000000
gensim/gensim.models.doc2vec.Doc2Vec.infer_vector@4.0.1-4.1.0/gensim.models.doc2vec.Doc2Vec.infer_vector#1YY/model.infer_vector_doc_words_@4.0.1-4.1.0_L6_tempLst1.json,semantic,5,1,1,"(5,1,1)",no,25,25,1.0000000000
gensim/gensim.models.doc2vec.Doc2Vec.similarity_unseen_docs@4.0.1-4.1.0/gensim.models.doc2vec.Doc2Vec.similarity_unseen_docs#1YY/model.similarity_unseen_docs_doc_words1__doc_words2_@4.0.1-4.1.0_L7_tempLst1.json,semantic,5,1,1,"(5,1,1)",no,19,25,0.7600000000
gensim/gensim.models.doc2vec.Doc2Vec@3.5.0-3.6.0/gensim.models.doc2vec.Doc2Vec#1YY/Doc2Vec__@3.5.0-3.6.0_L3_tempLst1.json,nonsemantic,11,10,11,"(11,10,11)",no,15,25,0.6000000000
gensim/gensim.models.fasttext.FastText@3.8.3-4.0.0/gensim.models.fasttext.FastText#1YY/FastText__@3.8.3-4.0.0_L2_tempLst1.json,semantic,28,3,4,"(28,3,4)",no,16,25,0.6400000000
gensim/gensim.models.hdpmodel.HdpModel.print_topics@0.13.1-0.13.2/gensim.models.hdpmodel.HdpModel.print_topics#1YY/hdp.print_topics__@0.13.1-0.13.2_L7_tempLst1.json,semantic,2,2,2,"(2,2,2)",no,24,25,0.9600000000
gensim/gensim.models.hdpmodel.HdpModel.show_topics@0.13.1-0.13.2/gensim.models.hdpmodel.HdpModel.show_topics#1YY/hdp.show_topics__@0.13.1-0.13.2_L7_tempLst1.json,semantic,4,2,2,"(4,2,2)",no,25,25,1.0000000000
gensim/gensim.models.ldamodel.LdaModel.diff@2.3.0-3.0.0/gensim.models.ldamodel.LdaModel.diff#1YY/lda1.diff_lda2_@2.3.0-3.0.0_L9_tempLst1.json,nonsemantic,6,2,3,"(6,2,3)",yes,16,25,0.6400000000
gensim/gensim.models.word2vec.Word2Vec.intersect_word2vec_format@0.13.1-0.13.2/gensim.models.word2vec.Word2Vec.intersect_word2vec_format#1YY/model.intersect_word2vec_format_fname_@0.13.1-0.13.2_L7_tempLst1.json,nonsemantic,4,3,4,"(4,3,4)",no,15,25,0.6000000000
gensim/gensim.models.word2vec.Word2Vec.load_word2vec_format@0.12.3-0.12.4/gensim.models.word2vec.Word2Vec.load_word2vec_format#1YY/Word2Vec.load_word2vec_format_fname_@0.12.3-0.12.4_L3_tempLst1.json,semantic,6,3,3,"(6,3,3)",no,24,25,0.9600000000
gensim/gensim.models.word2vec.Word2Vec.train@1.0.1-2.0.0/gensim.models.word2vec.Word2Vec.train#1NN/model.train_sentences_@1.0.1-2.0.0_L5_tempLst1.json,nonsemantic,6,5,8,"(6,5,8)",no,15,25,0.6000000000
httpx/Response@0.17.1-0.18.0/Response#1YY/Response_1_@0.17.1-0.18.0_L2_tempLst1.json,semantic,11,3,3,"(11,3,3)",no,21,25,0.8400000000
httpx/URL@0.13.3-0.14.0/URL#1YY/httpx.URL_url_str_@0.13.3-0.14.0_L4_tempLst1.json,semantic,3,2,2,"(3,2,2)",no,16,25,0.6400000000
httpx/client.send@0.19.0-0.20.0/client.send#1YY/client.send_request_@0.19.0-0.20.0_L6_tempLst1.json,semantic,5,2,2,"(5,2,2)",yes,22,25,0.8800000000
httpx/httpx.AsyncClient@0.11.1-0.12.0/httpx.AsyncClient#1YY/httpx.AsyncClient__@0.11.1-0.12.0_L3_tempLst1.json,semantic,17,3,3,"(17,3,3)",no,18,25,0.7200000000
httpx/httpx.Proxy@0.18.2-0.19.0/httpx.Proxy#1YY/httpx.Proxy_proxy_url_@0.18.2-0.19.0_L4_tempLst1.json,semantic,3,1,1,"(3,1,1)",no,25,25,1.0000000000
httpx/httpx.delete@0.7.4-0.7.5/httpx.delete#1YY/delete__https___example.com_resource__@0.7.4-0.7.5_L2_tempLst1.json,semantic,15,4,4,"(15,4,4)",no,18,25,0.7200000000
jax/jax.experimental.jax2tf.convert@0.4.12-0.4.13/jax.experimental.jax2tf.convert#1YY/jax2tf.convert_sum_of_squares_@0.4.12-0.4.13_L7_tempLst1.json,semantic,9,3,3,"(9,3,3)",no,6,25,0.2400000000
keras/Conv2DTranspose@2.2.2-2.2.3/Conv2DTranspose#1YY/Conv2DTranspose_64___3__3__@2.2.2-2.2.3_L4_tempLst1.json,nonsemantic,15,9,10,"(15,9,10)",no,16,25,0.6400000000
keras/DepthwiseConv2D@2.2.4-2.2.5/DepthwiseConv2D#1YY/DepthwiseConv2D__3__3__@2.2.4-2.2.5_L4_tempLst1.json,nonsemantic,14,9,10,"(14,9,10)",no,15,25,0.6000000000
keras/ReduceLROnPlateau@2.1.5-2.1.6/ReduceLROnPlateau#1YY/ReduceLROnPlateau__@2.1.5-2.1.6_L9_tempLst1.json,semantic,8,1,1,"(8,1,1)",no,21,25,0.8400000000
keras/keras.preprocessing.image.ImageDataGenerator@2.1.4-2.1.5/keras.preprocessing.image.ImageDataGenerator#1YY/ImageDataGenerator__@2.1.4-2.1.5_L2_tempLst1.json,nonsemantic,20,11,12,"(20,11,12)",no,16,25,0.6400000000
loguru/loguru.logger.configure@0.3.2-0.4.0/loguru.logger.configure#1YY/logger.configure__@0.3.2-0.4.0_L2_tempLst1.json,semantic,5,1,1,"(5,1,1)",no,23,25,0.9200000000
matplotlib/matplotlib.axes.Axes.imshow@3.4.3-3.5.0/matplotlib.axes.Axes.imshow#1YY/plt.imshow_X_@3.4.3-3.5.0_L4_tempLst1.json,nonsemantic,16,8,8,"(16,8,8)",no,22,25,0.8800000000
matplotlib/matplotlib.cbook.normalize_kwargs@3.4.3-3.5.0/matplotlib.cbook.normalize_kwargs#1YY/normalize_kwargs_kw_@3.4.3-3.5.0_L4_tempLst1.json,semantic,5,3,3,"(5,3,3)",no,25,25,1.0000000000
matplotlib/matplotlib.collections.AsteriskPolygonCollection.set_offset_transform@3.5.3-3.6.0/matplotlib.collections.AsteriskPolygonCollection.set_offset_transform#1YY/collection.set_offset_transform_transOffset___plt.gca__.transData_@3.5.3-3.6.0_L5_tempLst1.json,semantic,1,1,1,"(1,1,1)",no,24,25,0.9600000000
matplotlib/matplotlib.colorbar.Colorbar.set_ticks@3.6.3-3.7.0/matplotlib.colorbar.Colorbar.set_ticks#1YY/cbar.set_ticks_ticks_@3.6.3-3.7.0_L7_tempLst1.json,semantic,4,2,2,"(4,2,2)",no,20,25,0.8000000000
matplotlib/matplotlib.gridspec.GridSpec@2.1.2-2.2.0/matplotlib.gridspec.GridSpec#1YY/gridspec.GridSpec_2__2_@2.1.2-2.2.0_L3_tempLst1.json,nonsemantic,10,8,9,"(10,8,9)",no,15,25,0.6000000000
matplotlib/matplotlib.image.BboxImage@3.2.2-3.3.0/matplotlib.image.BboxImage#1YY/mpimg.BboxImage_bbox_@3.2.2-3.3.0_L6_tempLst1.json,semantic,9,1,1,"(9,1,1)",no,23,25,0.9200000000
matplotlib/matplotlib.patches.FancyArrowPatch@3.5.3-3.6.0/matplotlib.patches.FancyArrowPatch#1YY/FancyArrowPatch__0.2__0.2____0.8__0.8__@3.5.3-3.6.0_L3_tempLst1.json,semantic,12,10,10,"(12,10,10)",no,25,25,1.0000000000
matplotlib/matplotlib.patches.FancyBboxPatch@3.6.3-3.7.0/matplotlib.patches.FancyBboxPatch#1YY/patches.FancyBboxPatch__0.2__0.4___0.4__0.2_@3.6.3-3.7.0_L3_tempLst1.json,semantic,7,1,1,"(7,1,1)",no,23,25,0.9200000000
matplotlib/matplotlib.patches.Rectangle@3.5.3-3.6.0/matplotlib.patches.Rectangle#1YY/patches.Rectangle__0.1__0.1___0.4__0.3_@3.5.3-3.6.0_L3_tempLst1.json,nonsemantic,5,2,2,"(5,2,2)",yes,23,25,0.9200000000
matplotlib/matplotlib.patches.Shadow@3.4.3-3.5.0/matplotlib.patches.Shadow#1YY/patches.Shadow_patch__0.1__0.1_@3.4.3-3.5.0_L3_tempLst1.json,semantic,4,1,1,"(4,1,1)",no,25,25,1.0000000000
matplotlib/matplotlib.path.Path.cleaned@3.4.3-3.5.0/matplotlib.path.Path.cleaned#1YY/path.cleaned__@3.4.3-3.5.0_L5_tempLst1.json,semantic,9,6,6,"(9,6,6)",no,25,25,1.0000000000
matplotlib/matplotlib.patheffects.SimplePatchShadow@1.4.3-1.5.0/matplotlib.patheffects.SimplePatchShadow#1YY/pe.SimplePatchShadow__@1.4.3-1.5.0_L5_tempLst1.json,semantic,6,3,3,"(6,3,3)",no,22,25,0.8800000000
matplotlib/matplotlib.testing.compare.calculate_rms@3.0.3-3.1.0/matplotlib.testing.compare.calculate_rms#1YY/mtc.calculate_rms_expectedImage__actualImage_@3.0.3-3.1.0_L6_tempLst1.json,semantic,2,2,2,"(2,2,2)",no,25,25,1.0000000000
matplotlib/matplotlib.use@3.2.2-3.3.0/matplotlib.use#1YY/matplotlib.use__Agg__@3.2.2-3.3.0_L2_tempLst1.json,semantic,3,2,2,"(3,2,2)",no,25,25,1.0000000000
networkx/average_clustering@1.5-1.6/average_clustering#1YY/nx.average_clustering_G_@1.5-1.6_L4_tempLst1.json,semantic,4,3,4,"(4,3,4)",no,17,25,0.6800000000
networkx/average_neighbor_degree@1.5-1.6/average_neighbor_degree#1YY/nx.average_neighbor_degree_G_@1.5-1.6_L4_tempLst1.json,semantic,4,3,5,"(4,3,5)",no,9,25,0.3600000000
networkx/average_shortest_path_length@1.4-1.5/average_shortest_path_length#1YY/nx.average_shortest_path_length_G_@1.4-1.5_L4_tempLst1.json,semantic,2,1,1,"(2,1,1)",no,19,25,0.7600000000
networkx/betweenness_centrality@1.5-1.6/betweenness_centrality#1YY/nx.betweenness_centrality_G_@1.5-1.6_L4_tempLst1.json,nonsemantic,5,4,5,"(5,4,5)",no,15,25,0.6000000000
networkx/betweenness_centrality_source@1.4-1.5/betweenness_centrality_source#1YY/nx.betweenness_centrality_source_G_@1.4-1.5_L4_tempLst1.json,semantic,4,1,1,"(4,1,1)",no,19,25,0.7600000000
networkx/closeness_vitality@1.4-1.5/closeness_vitality#1YY/nx.closeness_vitality_G_@1.4-1.5_L4_tempLst1.json,semantic,3,1,1,"(3,1,1)",no,19,25,0.7600000000
networkx/clustering@1.5-1.6/clustering#1YY/nx.clustering_G_@1.5-1.6_L4_tempLst1.json,semantic,3,1,2,"(3,1,2)",no,2,25,0.0800000000
networkx/degree@1.5-1.6/degree#1YY/G.degree__@1.5-1.6_L4_tempLst1.json,semantic,2,1,2,"(2,1,2)",no,0,25,0.0000000000
networkx/edge_betweenness_centrality_subset@1.4-1.5/edge_betweenness_centrality_subset#1YY/nx.edge_betweenness_centrality_subset_G__sources__targets_@1.4-1.5_L6_tempLst1.json,semantic,5,1,1,"(5,1,1)",no,17,25,0.6800000000
networkx/geographical_threshold_graph@2.0-2.1/geographical_threshold_graph#1YY/nx.geographical_threshold_graph_10__0.1_@2.0-2.1_L2_tempLst1.json,semantic,7,5,6,"(7,5,6)",no,13,25,0.5200000000
networkx/is_isomorphic@1.5-1.6/is_isomorphic#1YY/nx.is_isomorphic_G1__G2_@1.5-1.6_L6_tempLst1.json,semantic,5,3,5,"(5,3,5)",no,20,25,0.8000000000
networkx/networkx.betweenness_centrality@1.4-1.5/networkx.betweenness_centrality#1YY/nx.betweenness_centrality_G_@1.4-1.5_L3_tempLst1.json,semantic,4,1,1,"(4,1,1)",no,19,25,0.7600000000
networkx/networkx.closeness_centrality@1.4-1.5/networkx.closeness_centrality#1YY/nx.closeness_centrality_G_@1.4-1.5_L3_tempLst1.json,semantic,4,1,2,"(4,1,2)",no,5,25,0.2000000000
networkx/networkx.community.greedy_modularity_communities@2.8.8-3.0/networkx.community.greedy_modularity_communities#1YY/nx.community.greedy_modularity_communities_G_@2.8.8-3.0_L3_tempLst1.json,semantic,6,1,1,"(6,1,1)",no,25,25,1.0000000000
networkx/networkx.linalg.graphmatrix.adjacency_matrix@2.5.1-2.6/networkx.linalg.graphmatrix.adjacency_matrix#1YY/nx.adjacency_matrix_G_@2.5.1-2.6_L4_tempLst1.json,nonsemantic,3,1,2,"(3,1,2)",no,16,25,0.6400000000
networkx/networkx.min_weight_matching@2.8.8-3.0/networkx.min_weight_matching#1YY/nx.min_weight_matching_G_@2.8.8-3.0_L4_tempLst1.json,semantic,3,2,2,"(3,2,2)",no,25,25,1.0000000000
networkx/networkx.to_pandas_edgelist@2.8.8-3.0/networkx.to_pandas_edgelist#1YY/nx.to_pandas_edgelist_G_@2.8.8-3.0_L7_tempLst1.json,semantic,7,2,2,"(7,2,2)",yes,19,25,0.7600000000
networkx/networkx.union@2.8.8-3.0/networkx.union#1YY/nx.union_G__H_@2.8.8-3.0_L6_tempLst1.json,semantic,4,1,1,"(4,1,1)",no,23,25,0.9200000000
networkx/set_edge_attributes@1.11-2.0/set_edge_attributes#1NN/nx.set_edge_attributes_G___color___values_@1.11-2.0_L5_tempLst1.json,nonsemantic,3,2,2,"(3,2,2)",no,24,25,0.9600000000
networkx/set_node_attributes@1.11-2.0/set_node_attributes#1NN/nx.set_node_attributes_G___color___values_@1.11-2.0_L5_tempLst1.json,nonsemantic,3,2,2,"(3,2,2)",no,25,25,1.0000000000
networkx/shortest_path@1.4-1.5/shortest_path#1YY/nx.shortest_path_G_@1.4-1.5_L4_tempLst1.json,semantic,4,1,1,"(4,1,1)",no,18,25,0.7200000000
networkx/shortest_path_length@1.4-1.5/shortest_path_length#1YY/nx.shortest_path_length_G_@1.4-1.5_L4_tempLst1.json,semantic,4,1,1,"(4,1,1)",no,18,25,0.7200000000
networkx/spectral_layout@1.5-1.6/spectral_layout#1YY/nx.spectral_layout_G_@1.5-1.6_L4_tempLst1.json,semantic,4,1,2,"(4,1,2)",no,3,25,0.1200000000
numpy/numpy.correlate@1.9.3-1.10.0/numpy.correlate#1YY/np.correlate_a__v_@1.9.3-1.10.0_L6_tempLst1.json,semantic,4,1,1,"(4,1,1)",no,25,25,1.0000000000
numpy/numpy.fix@1.12.1-1.13.0/numpy.fix#1YY/np.fix_x_@1.12.1-1.13.0_L6_tempLst1.json,semantic,2,1,1,"(2,1,1)",no,22,25,0.8800000000
numpy/numpy.genfromtxt@1.9.3-1.10.0/numpy.genfromtxt#1YY/np.genfromtxt_f_@1.9.3-1.10.0_L4_tempLst1.json,semantic,23,19,20,"(23,19,20)",no,15,25,0.6000000000
numpy/numpy.histogram2d@1.23.5-1.24.0/numpy.histogram2d#1YY/np.histogram2d_x__y_@1.23.5-1.24.0_L4_tempLst1.json,semantic,7,2,2,"(7,2,2)",yes,20,25,0.8000000000
numpy/numpy.histogram@1.23.5-1.24.0/numpy.histogram#1YY/np.histogram_a_@1.23.5-1.24.0_L8_tempLst1.json,semantic,6,2,2,"(6,2,2)",yes,18,25,0.7200000000
numpy/numpy.histogramdd@1.23.5-1.24.0/numpy.histogramdd#1YY/np.histogramdd_sample_@1.23.5-1.24.0_L3_tempLst1.json,semantic,6,2,2,"(6,2,2)",yes,18,25,0.7200000000
numpy/numpy.isneginf@1.12.1-1.13.0/numpy.isneginf#1YY/np.isneginf_x_@1.12.1-1.13.0_L6_tempLst1.json,semantic,2,1,1,"(2,1,1)",no,21,25,0.8400000000
numpy/numpy.isposinf@1.12.1-1.13.0/numpy.isposinf#1YY/np.isposinf_x_@1.12.1-1.13.0_L6_tempLst1.json,semantic,2,1,1,"(2,1,1)",no,21,25,0.8400000000
numpy/numpy.ma.argsort@1.12.1-1.13.0/numpy.ma.argsort#1YY/np.ma.argsort_data_@1.12.1-1.13.0_L5_tempLst1.json,nonsemantic,5,1,2,"(5,1,2)",yes,15,25,0.6000000000
numpy/numpy.percentile@1.21.6-1.22.0/numpy.percentile#1YY/np.percentile_a___25__50__75__@1.21.6-1.22.0_L3_tempLst1.json,nonsemantic,7,1,2,"(7,1,2)",no,16,25,0.6400000000
numpy/numpy.quantile@1.21.6-1.22.0/numpy.quantile#1YY/np.quantile_a__q_@1.21.6-1.22.0_L9_tempLst1.json,nonsemantic,7,1,2,"(7,1,2)",no,15,25,0.6000000000
pandas/DataFrame.between_time@1.5.3-2.0.0/DataFrame.between_time#1YY/ts.between_time__0_15____0_45__@1.5.3-2.0.0_L4_tempLst1.json,semantic,6,4,5,"(6,4,5)",yes,15,25,0.6000000000
pandas/DataFrame.describe@1.5.3-2.0.0/DataFrame.describe#1YY/df.describe__@1.5.3-2.0.0_L3_tempLst1.json,semantic,4,1,1,"(4,1,1)",no,25,25,1.0000000000
pandas/DataFrame.ewm@1.3.5-1.4.0/DataFrame.ewm#1YY/df.ewm_0.5_@1.3.5-1.4.0_L4_tempLst1.json,nonsemantic,10,2,2,"(10,2,2)",yes,15,25,0.6000000000
pandas/DataFrame.groupby@1.5.3-2.0.0/DataFrame.groupby#1YY/df.groupby___Animal___@1.5.3-2.0.0_L3_tempLst1.json,semantic,9,4,4,"(9,4,4)",yes,15,25,0.6000000000
pandas/DataFrame.info@1.5.3-2.0.0/DataFrame.info#1YY/df.info__@1.5.3-2.0.0_L6_tempLst1.json,semantic,6,1,1,"(6,1,1)",no,25,25,1.0000000000
pandas/DataFrame.mask@1.5.3-2.0.0/DataFrame.mask#1YY/s.mask_s___0_@1.5.3-2.0.0_L4_tempLst1.json,semantic,7,2,2,"(7,2,2)",yes,22,25,0.8800000000
pandas/DataFrame.reset_index@1.4.4-1.5.0/DataFrame.reset_index#1YY/df.reset_index__@1.4.4-1.5.0_L4_tempLst1.json,nonsemantic,7,3,3,"(7,3,3)",no,15,25,0.6000000000
pandas/DataFrame.rolling@1.4.4-1.5.0/DataFrame.rolling#1YY/df.rolling_2_@1.4.4-1.5.0_L4_tempLst1.json,nonsemantic,8,1,2,"(8,1,2)",no,15,25,0.6000000000
pandas/DataFrame.set_axis@1.5.3-2.0.0/DataFrame.set_axis#1YY/df.set_axis___a____b____c___@1.5.3-2.0.0_L3_tempLst1.json,semantic,4,2,2,"(4,2,2)",no,15,25,0.6000000000
pandas/DataFrame.take@1.5.3-2.0.0/DataFrame.take#1YY/df.take__0__3__@1.5.3-2.0.0_L4_tempLst1.json,semantic,3,1,1,"(3,1,1)",no,16,25,0.6400000000
pandas/DataFrame.to_excel@1.5.3-2.0.0/DataFrame.to_excel#1YY/df1.to_excel__._output.xlsx__@1.5.3-2.0.0_L3_tempLst1.json,semantic,17,5,5,"(17,5,5)",no,22,25,0.8800000000
pandas/DataFrame.to_latex@1.5.3-2.0.0/DataFrame.to_latex#1YY/df.to_latex__@1.5.3-2.0.0_L3_tempLst1.json,semantic,22,20,20,"(22,20,20)",no,22,25,0.8800000000
pandas/DataFrame.to_stata@1.3.5-1.4.0/DataFrame.to_stata#1YY/df.to_stata__animals.dta__@1.3.5-1.4.0_L3_tempLst1.json,nonsemantic,12,2,2,"(12,2,2)",no,15,25,0.6000000000
pandas/DataFrame.where@1.5.3-2.0.0/DataFrame.where#1YY/s.where_s___0_@1.5.3-2.0.0_L3_tempLst1.json,semantic,7,2,2,"(7,2,2)",yes,25,25,1.0000000000
pandas/Index.copy@1.5.3-2.0.0/Index.copy#1YY/index.copy__@1.5.3-2.0.0_L3_tempLst1.json,semantic,4,2,2,"(4,2,2)",no,25,25,1.0000000000
pandas/Index.get_loc@1.5.3-2.0.0/Index.get_loc#1YY/unique_index.get_loc__b__@1.5.3-2.0.0_L3_tempLst1.json,semantic,3,2,2,"(3,2,2)",no,25,25,1.0000000000
pandas/Index.get_slice_bound@1.5.3-2.0.0/Index.get_slice_bound#1YY/index.get_slice_bound_start___left__@1.5.3-2.0.0_L6_tempLst1.json,semantic,3,1,1,"(3,1,1)",no,25,25,1.0000000000
pandas/Index.slice_indexer@1.5.3-2.0.0/Index.slice_indexer#1YY/idx.slice_indexer__@1.5.3-2.0.0_L3_tempLst1.json,semantic,4,1,1,"(4,1,1)",no,25,25,1.0000000000
pandas/Index.slice_locs@1.5.3-2.0.0/Index.slice_locs#1YY/idx.slice_locs__@1.5.3-2.0.0_L3_tempLst1.json,semantic,4,1,1,"(4,1,1)",no,25,25,1.0000000000
pandas/Series.describe@1.5.3-2.0.0/Series.describe#1YY/s.describe__@1.5.3-2.0.0_L3_tempLst1.json,semantic,4,1,1,"(4,1,1)",no,25,25,1.0000000000
pandas/Series.ewm@1.3.5-1.4.0/Series.ewm#1YY/df.ewm_0.5_@1.3.5-1.4.0_L4_tempLst1.json,nonsemantic,10,2,2,"(10,2,2)",yes,15,25,0.6000000000
pandas/Series.groupby@1.5.3-2.0.0/Series.groupby#1YY/ser.groupby___a____b____a____b___@1.5.3-2.0.0_L3_tempLst1.json,semantic,9,5,5,"(9,5,5)",no,15,25,0.6000000000
pandas/Series.mask@1.5.3-2.0.0/Series.mask#1YY/s.mask_s___0_@1.5.3-2.0.0_L4_tempLst1.json,semantic,7,2,2,"(7,2,2)",yes,23,25,0.9200000000
pandas/Series.rolling@1.4.4-1.5.0/Series.rolling#1YY/df.rolling_2_@1.4.4-1.5.0_L4_tempLst1.json,nonsemantic,8,1,2,"(8,1,2)",no,15,25,0.6000000000
pandas/Series.set_axis@1.5.3-2.0.0/Series.set_axis#1YY/s.set_axis___a____b____c___@1.5.3-2.0.0_L3_tempLst1.json,semantic,4,2,2,"(4,2,2)",no,15,25,0.6000000000
pandas/Series.take@1.5.3-2.0.0/Series.take#1YY/df.take__0__3__@1.5.3-2.0.0_L4_tempLst1.json,semantic,3,1,1,"(3,1,1)",no,25,25,1.0000000000
pandas/Series.where@1.5.3-2.0.0/Series.where#1YY/s.where_s___0_@1.5.3-2.0.0_L3_tempLst1.json,semantic,7,2,2,"(7,2,2)",yes,25,25,1.0000000000
pandas/Styler.background_gradient@1.2.5-1.3.0/Styler.background_gradient#1YY/df.style.background_gradient__@1.2.5-1.3.0_L13_tempLst1.json,nonsemantic,9,4,4,"(9,4,4)",yes,15,25,0.6000000000
pandas/Styler.format@1.2.5-1.3.0/Styler.format#1YY/df.style.format____.2____@1.2.5-1.3.0_L4_tempLst1.json,nonsemantic,7,5,5,"(7,5,5)",yes,15,25,0.6000000000
pandas/Timestamp.fromordinal@1.5.3-2.0.0/Timestamp.fromordinal#1YY/pd.Timestamp.fromordinal_737425_@1.5.3-2.0.0_L2_tempLst1.json,semantic,3,2,2,"(3,2,2)",no,22,25,0.8800000000
pandas/Timestamp@1.5.3-2.0.0/Timestamp#1YY/pd.Timestamp__2017-01-01T12__@1.5.3-2.0.0_L2_tempLst1.json,semantic,14,12,12,"(14,12,12)",no,19,25,0.7600000000
pandas/bdate_range@1.5.3-2.0.0/bdate_range#1YY/pd.bdate_range__1_1_2018____1_08_2018__@1.5.3-2.0.0_L2_tempLst1.json,semantic,11,2,3,"(11,2,3)",yes,15,25,0.6000000000
pandas/core.arrays.SparseArray@1.5.3-2.0.0/core.arrays.SparseArray#1YY/SparseArray__0__0__1__2__@1.5.3-2.0.0_L2_tempLst1.json,semantic,7,5,5,"(7,5,5)",yes,25,25,1.0000000000
pandas/date_range@1.5.3-2.0.0/date_range#1YY/pd.date_range__1_1_2018____1_08_2018__@1.5.3-2.0.0_L2_tempLst1.json,semantic,10,3,4,"(10,3,4)",yes,15,25,0.6000000000
pandas/melt@1.0.5-1.1.0/melt#1YY/pd.melt_df_@1.0.5-1.1.0_L3_tempLst1.json,nonsemantic,7,2,2,"(7,2,2)",yes,15,25,0.6000000000
pandas/pandas.DataFrame.resample@1.5.3-2.0.0/pandas.DataFrame.resample#1YY/DataFrame.resample__3T__@1.5.3-2.0.0_L4_tempLst1.json,semantic,13,7,8,"(13,7,8)",no,15,25,0.6000000000
pandas/pandas.Series.resample@1.5.3-2.0.0/pandas.Series.resample#1YY/series.resample__3T__@1.5.3-2.0.0_L4_tempLst1.json,semantic,13,7,8,"(13,7,8)",no,15,25,0.6000000000
pandas/read_csv@1.2.5-1.3.0/read_csv#1YY/pd.read_csv__._dev.csv__@1.2.5-1.3.0_L2_tempLst1.json,nonsemantic,50,9,12,"(50,9,12)",no,15,25,0.6000000000
pandas/read_csv@1.5.3-2.0.0/read_csv#1YY/pd.read_csv__._dev.csv__@1.5.3-2.0.0_L2_tempLst1.json,semantic,54,7,7,"(54,7,7)",no,15,25,0.6000000000
pandas/testing.assert_extension_array_equal@1.5.3-2.0.0/testing.assert_extension_array_equal#1YY/tm.assert_extension_array_equal_b__c_@1.5.3-2.0.0_L5_tempLst1.json,semantic,8,4,5,"(8,4,5)",no,15,25,0.6000000000
pandas/testing.assert_frame_equal@1.0.5-1.1.0/testing.assert_frame_equal#1YY/assert_frame_equal_df1__df1_@1.0.5-1.1.0_L5_tempLst1.json,nonsemantic,16,3,4,"(16,3,4)",no,15,25,0.6000000000
pandas/testing.assert_frame_equal@1.5.3-2.0.0/testing.assert_frame_equal#1YY/assert_frame_equal_df1__df1_@1.5.3-2.0.0_L5_tempLst1.json,semantic,18,12,12,"(18,12,12)",no,15,25,0.6000000000
pandas/testing.assert_index_equal@1.5.3-2.0.0/testing.assert_index_equal#1YY/tm.assert_index_equal_a__b_@1.5.3-2.0.0_L5_tempLst1.json,semantic,11,7,7,"(11,7,7)",no,22,25,0.8800000000
pandas/testing.assert_series_equal@1.0.5-1.1.0/testing.assert_series_equal#1YY/assert_series_equal_df1__df1_@1.0.5-1.1.0_L5_tempLst1.json,nonsemantic,14,3,4,"(14,3,4)",no,15,25,0.6000000000
pandas/testing.assert_series_equal@1.1.5-1.2.0/testing.assert_series_equal#1YY/tm.assert_series_equal_a__b_@1.1.5-1.2.0_L5_tempLst1.json,nonsemantic,15,3,4,"(15,3,4)",no,15,25,0.6000000000
pandas/testing.assert_series_equal@1.5.3-2.0.0/testing.assert_series_equal#1YY/tm.assert_series_equal_a__b_@1.5.3-2.0.0_L5_tempLst1.json,semantic,18,11,11,"(18,11,11)",no,15,25,0.6000000000
plotly/plotly.express.area@4.2.1-4.3.0/plotly.express.area#1YY/px.area__@4.2.1-4.3.0_L3_tempLst1.json,nonsemantic,28,17,18,"(28,17,18)",no,15,25,0.6000000000
plotly/plotly.express.bar@4.14.3-5.0.0/plotly.express.bar#1YY/px.bar__@4.14.3-5.0.0_L3_tempLst1.json,nonsemantic,38,34,37,"(38,34,37)",no,15,25,0.6000000000
plotly/plotly.express.bar@4.2.1-4.3.0/plotly.express.bar#1YY/px.bar__@4.2.1-4.3.0_L3_tempLst1.json,nonsemantic,34,28,29,"(34,28,29)",no,15,25,0.6000000000
plotly/plotly.express.bar@5.4.0-5.5.0/plotly.express.bar#1YY/px.bar__@5.4.0-5.5.0_L3_tempLst1.json,nonsemantic,41,4,5,"(41,4,5)",no,15,25,0.6000000000
plotly/plotly.express.bar_polar@4.14.3-5.0.0/plotly.express.bar_polar#1YY/px.bar_polar__@4.14.3-5.0.0_L3_tempLst1.json,nonsemantic,28,24,27,"(28,24,27)",no,15,25,0.6000000000
plotly/plotly.express.bar_polar@4.3.0-4.4.0/plotly.express.bar_polar#1YY/px.bar_polar__@4.3.0-4.4.0_L3_tempLst1.json,nonsemantic,23,5,6,"(23,5,6)",no,15,25,0.6000000000
plotly/plotly.express.box@4.2.1-4.3.0/plotly.express.box#1YY/px.box__@4.2.1-4.3.0_L3_tempLst1.json,nonsemantic,27,21,22,"(27,21,22)",no,15,25,0.6000000000
plotly/plotly.express.density_contour@4.2.1-4.3.0/plotly.express.density_contour#1YY/px.density_contour__@4.2.1-4.3.0_L3_tempLst1.json,nonsemantic,31,24,25,"(31,24,25)",no,16,25,0.6400000000
plotly/plotly.express.density_contour@5.1.0-5.2.1/plotly.express.density_contour#1YY/px.density_contour__@5.1.0-5.2.1_L3_tempLst1.json,nonsemantic,35,13,15,"(35,13,15)",no,15,25,0.6000000000
plotly/plotly.express.density_heatmap@4.2.1-4.3.0/plotly.express.density_heatmap#1YY/px.density_heatmap__@4.2.1-4.3.0_L3_tempLst1.json,nonsemantic,30,24,25,"(30,24,25)",no,15,25,0.6000000000
plotly/plotly.express.density_heatmap@5.4.0-5.5.0/plotly.express.density_heatmap#1YY/px.density_heatmap__@5.4.0-5.5.0_L3_tempLst1.json,nonsemantic,34,4,5,"(34,4,5)",no,16,25,0.6400000000
plotly/plotly.express.histogram@4.14.3-5.0.0/plotly.express.histogram#1YY/px.histogram__@4.14.3-5.0.0_L3_tempLst1.json,nonsemantic,34,30,33,"(34,30,33)",no,15,25,0.6000000000
plotly/plotly.express.histogram@4.2.1-4.3.0/plotly.express.histogram#1YY/px.histogram__@4.2.1-4.3.0_L3_tempLst1.json,nonsemantic,31,25,26,"(31,25,26)",no,15,25,0.6000000000
plotly/plotly.express.histogram@5.4.0-5.5.0/plotly.express.histogram#1YY/px.histogram__@5.4.0-5.5.0_L3_tempLst1.json,nonsemantic,37,4,5,"(37,4,5)",no,15,25,0.6000000000
plotly/plotly.express.imshow@4.13.0-4.14.0/plotly.express.imshow#1YY/px.imshow_img_rgb_@4.13.0-4.14.0_L4_tempLst1.json,nonsemantic,20,13,18,"(20,13,18)",no,15,25,0.6000000000
plotly/plotly.express.line@4.2.1-4.3.0/plotly.express.line#1YY/px.line__@4.2.1-4.3.0_L3_tempLst1.json,nonsemantic,34,22,23,"(34,22,23)",no,15,25,0.6000000000
plotly/plotly.express.line@5.1.0-5.2.1/plotly.express.line#1YY/px.line__@5.1.0-5.2.1_L3_tempLst1.json,nonsemantic,38,32,36,"(38,32,36)",no,15,25,0.6000000000
plotly/plotly.express.line_3d@5.1.0-5.2.1/plotly.express.line_3d#1YY/px.line_3d__@5.1.0-5.2.1_L3_tempLst1.json,nonsemantic,35,27,31,"(35,27,31)",no,15,25,0.6000000000
plotly/plotly.express.line_geo@5.1.0-5.2.1/plotly.express.line_geo#1YY/px.line_geo__@5.1.0-5.2.1_L3_tempLst1.json,nonsemantic,36,17,21,"(36,17,21)",no,15,25,0.6000000000
plotly/plotly.express.line_mapbox@4.3.0-4.4.0/plotly.express.line_mapbox#1YY/px.line_mapbox_us_cities___lat____lon__@4.3.0-4.4.0_L5_tempLst1.json,nonsemantic,20,4,6,"(20,4,6)",no,15,25,0.6000000000
plotly/plotly.express.line_polar@4.3.0-4.4.0/plotly.express.line_polar#1YY/px.line_polar__@4.3.0-4.4.0_L3_tempLst1.json,nonsemantic,29,5,6,"(29,5,6)",no,15,25,0.6000000000
plotly/plotly.express.line_polar@5.1.0-5.2.1/plotly.express.line_polar#1YY/px.line_polar__@5.1.0-5.2.1_L3_tempLst1.json,nonsemantic,30,20,24,"(30,20,24)",no,15,25,0.6000000000
plotly/plotly.express.line_ternary@5.1.0-5.2.1/plotly.express.line_ternary#1YY/px.line_ternary__@5.1.0-5.2.1_L3_tempLst1.json,nonsemantic,24,17,21,"(24,17,21)",no,15,25,0.6000000000
plotly/plotly.express.scatter@4.2.1-4.3.0/plotly.express.scatter#1YY/px.scatter__@4.2.1-4.3.0_L3_tempLst1.json,nonsemantic,42,30,31,"(42,30,31)",no,16,25,0.6400000000
plotly/plotly.express.scatter@5.1.0-5.2.1/plotly.express.scatter#1YY/px.scatter__@5.1.0-5.2.1_L3_tempLst1.json,nonsemantic,46,10,12,"(46,10,12)",no,15,25,0.6000000000
plotly/plotly.express.scatter_mapbox@4.3.0-4.4.0/plotly.express.scatter_mapbox#1YY/px.scatter_mapbox_df___centroid_lat____centroid_lon__@4.3.0-4.4.0_L3_tempLst1.json,nonsemantic,25,4,6,"(25,4,6)",no,15,25,0.6000000000
plotly/plotly.express.scatter_polar@4.3.0-4.4.0/plotly.express.scatter_polar#1YY/px.scatter_polar__@4.3.0-4.4.0_L3_tempLst1.json,nonsemantic,32,6,7,"(32,6,7)",no,15,25,0.6000000000
plotly/plotly.express.strip@4.2.1-4.3.0/plotly.express.strip#1YY/px.strip__@4.2.1-4.3.0_L3_tempLst1.json,nonsemantic,25,19,20,"(25,19,20)",no,15,25,0.6000000000
plotly/plotly.express.sunburst@4.4.1-4.5.0/plotly.express.sunburst#1YY/px.sunburst__@4.4.1-4.5.0_L3_tempLst1.json,nonsemantic,21,17,18,"(21,17,18)",no,15,25,0.6000000000
plotly/plotly.express.treemap@4.4.1-4.5.0/plotly.express.treemap#1YY/px.treemap__@4.4.1-4.5.0_L3_tempLst1.json,nonsemantic,21,16,17,"(21,16,17)",no,15,25,0.6000000000
plotly/plotly.express.violin@4.2.1-4.3.0/plotly.express.violin#1YY/px.violin__@4.2.1-4.3.0_L3_tempLst1.json,nonsemantic,27,21,22,"(27,21,22)",no,15,25,0.6000000000
plotly/plotly.figure_factory.create_choropleth@2.4.1-2.5.0/plotly.figure_factory.create_choropleth#1YY/ff.create_choropleth_fips__values_@2.4.1-2.5.0_L11_tempLst1.json,semantic,18,9,9,"(18,9,9)",no,22,25,0.8800000000
plotly/plotly.figure_factory.create_violin@2.0.8-2.0.9/plotly.figure_factory.create_violin#1YY/create_violin_data_list_@2.0.8-2.0.9_L5_tempLst1.json,nonsemantic,10,3,4,"(10,3,4)",yes,15,25,0.6000000000
plotly/plotly.tools.FigureFactory.create_distplot@1.10.0-1.11.0/plotly.tools.FigureFactory.create_distplot#1YY/FF.create_distplot_hist_data__group_labels_@1.10.0-1.11.0_L9_tempLst1.json,nonsemantic,9,3,4,"(9,3,4)",no,16,25,0.6400000000
polars/polars.DataFrame.drop@0.14.17-0.14.18/polars.DataFrame.drop#1YY/df.drop__B__@0.14.17-0.14.18_L3_tempLst1.json,semantic,1,1,1,"(1,1,1)",no,24,25,0.9600000000
polars/polars.DataFrame.fill_nan@0.16.18-0.17.0/polars.DataFrame.fill_nan#1YY/df.fill_nan_99_@0.16.18-0.17.0_L3_tempLst1.json,semantic,1,1,1,"(1,1,1)",no,24,25,0.9600000000
polars/polars.DataFrame.replace@0.16.18-0.17.0/polars.DataFrame.replace#1YY/df.replace__foo___s_@0.16.18-0.17.0_L4_tempLst1.json,semantic,2,1,1,"(2,1,1)",no,25,25,1.0000000000
polars/polars.DataFrame.sample@0.16.18-0.17.0/polars.DataFrame.sample#1YY/df.sample__@0.16.18-0.17.0_L3_tempLst1.json,semantic,5,1,1,"(5,1,1)",no,23,25,0.9200000000
polars/polars.DataFrame.shift_and_fill@0.16.18-0.17.0/polars.DataFrame.shift_and_fill#1NN/df.shift_and_fill_1__0_@0.16.18-0.17.0_L3_tempLst1.json,nonsemantic,2,2,2,"(2,2,2)",no,24,25,0.9600000000
polars/polars.DataFrame.write_json@0.15.18-0.16.1/polars.DataFrame.write_json#1YY/df.write_json__@0.15.18-0.16.1_L3_tempLst1.json,semantic,5,2,2,"(5,2,2)",yes,25,25,1.0000000000
polars/polars.Expr.clip@0.16.18-0.17.0/polars.Expr.clip#1YY/pl.col__a__.clip_1__10_@0.16.18-0.17.0_L2_tempLst1.json,semantic,2,2,2,"(2,2,2)",no,25,25,1.0000000000
polars/polars.Expr.is_between@0.16.18-0.17.0/polars.Expr.is_between#1YY/pl.col__num__.is_between_2__4_@0.16.18-0.17.0_L2_tempLst1.json,semantic,3,2,2,"(3,2,2)",no,25,25,1.0000000000
polars/polars.Expr.map_dict@0.16.18-0.17.0/polars.Expr.map_dict#1YY/pl.col__country_code__.map_dict_country_code_dict_@0.16.18-0.17.0_L4_tempLst1.json,semantic,3,1,1,"(3,1,1)",no,21,25,0.8400000000
polars/polars.Expr.reshape@0.16.18-0.17.0/polars.Expr.reshape#1YY/pl.col__foo__.reshape__3__3__@0.16.18-0.17.0_L2_tempLst1.json,semantic,1,1,1,"(1,1,1)",no,23,25,0.9200000000
polars/polars.Expr.str.contains@0.16.18-0.17.0/polars.Expr.str.contains#1YY/a.str.contains__AA__@0.16.18-0.17.0_L3_tempLst1.json,semantic,8,6,6,"(8,6,6)",yes,23,25,0.9200000000
polars/polars.Expr.str.ends_with@0.16.18-0.17.0/polars.Expr.str.ends_with#1YY/a.str.ends_with__go__@0.16.18-0.17.0_L3_tempLst1.json,semantic,4,4,4,"(4,4,4)",no,23,25,0.9200000000
polars/polars.Expr.str.ljust@0.16.18-0.17.0/polars.Expr.str.ljust#1YY/context.str.ljust_10_@0.16.18-0.17.0_L4_tempLst1.json,semantic,4,2,2,"(4,2,2)",no,25,25,1.0000000000
polars/polars.Expr.str.rjust@0.16.18-0.17.0/polars.Expr.str.rjust#1YY/context.str.rjust_10_@0.16.18-0.17.0_L4_tempLst1.json,semantic,4,2,2,"(4,2,2)",no,25,25,1.0000000000
polars/polars.Expr.str.starts_with@0.16.18-0.17.0/polars.Expr.str.starts_with#1YY/a.str.starts_with__app__@0.16.18-0.17.0_L3_tempLst1.json,semantic,4,4,4,"(4,4,4)",no,24,25,0.9600000000
polars/polars.Expr.str.strip@0.16.18-0.17.0/polars.Expr.str.strip#1YY/context.str.strip__@0.16.18-0.17.0_L4_tempLst1.json,semantic,2,2,2,"(2,2,2)",no,22,25,0.8800000000
polars/polars.any@0.16.18-0.17.0/polars.any#1YY/pl.any__a__@0.16.18-0.17.0_L2_tempLst1.json,semantic,1,1,1,"(1,1,1)",no,24,25,0.9600000000
polars/polars.arange@0.16.18-0.17.0/polars.arange#1YY/pl.arange_0__3_@0.16.18-0.17.0_L2_tempLst1.json,semantic,5,2,2,"(5,2,2)",yes,25,25,1.0000000000
polars/polars.arg_where@0.16.18-0.17.0/polars.arg_where#1YY/pl.arg_where_pl.col__a_____2____0_@0.16.18-0.17.0_L2_tempLst1.json,nonsemantic,2,1,1,"(2,1,1)",no,23,25,0.9200000000
polars/polars.date_range@0.16.18-0.17.0/polars.date_range#1YY/pl.date_range_date_2022__1__1___date_2022__3__1__@0.16.18-0.17.0_L3_tempLst1.json,semantic,8,2,2,"(8,2,2)",yes,25,25,1.0000000000
polars/polars.expr.str.strptime@0.17.15-0.18.0/polars.expr.str.strptime#1YY/a.str.strptime_pl.Date_@0.17.15-0.18.0_L4_tempLst1.json,semantic,14,2,2,"(14,2,2)",no,15,25,0.6000000000
polars/polars.format@0.16.18-0.17.0/polars.format#1YY/pl.format__fo__@0.16.18-0.17.0_L2_tempLst1.json,semantic,1,1,1,"(1,1,1)",no,25,25,1.0000000000
polars/polars.from_pandas@0.16.2-0.16.3/polars.from_pandas#1YY/pl.from_pandas_pdf_@0.16.2-0.16.3_L4_tempLst1.json,semantic,4,1,1,"(4,1,1)",no,24,25,0.9600000000
polars/polars.read_json@0.15.18-0.16.1/polars.read_json#1YY/pl.read_json__._output.json__@0.15.18-0.16.1_L2_tempLst1.json,semantic,2,1,1,"(2,1,1)",no,25,25,1.0000000000
polars/polars.repeat@0.17.14-0.17.15/polars.repeat#1YY/pl.repeat__z___3_@0.17.14-0.17.15_L2_tempLst1.json,nonsemantic,5,2,2,"(5,2,2)",yes,15,25,0.6000000000
pydantic/pydantic.main.create_model@1.4-1.5/pydantic.main.create_model#1YY/create_model__DynamicModel__@1.4-1.5_L13_tempLst1.json,semantic,5,1,2,"(5,1,2)",yes,24,25,0.9600000000
rich/Columns@1.3.0-1.3.1/Columns#1YY/Columns_renderables_@1.3.0-1.3.1_L3_tempLst1.json,nonsemantic,6,4,5,"(6,4,5)",yes,15,25,0.6000000000
rich/Panel@2.3.1-3.0.0/Panel#1YY/Panel_None_@2.3.1-3.0.0_L2_tempLst1.json,nonsemantic,7,5,5,"(7,5,5)",yes,20,25,0.8000000000
rich/Panel@3.1.0-3.2.0/Panel#1YY/Panel_renderable_@3.1.0-3.2.0_L6_tempLst1.json,nonsemantic,8,2,2,"(8,2,2)",yes,18,25,0.7200000000
rich/Rule@2.3.1-3.0.0/Rule#1YY/Rule__@2.3.1-3.0.0_L2_tempLst1.json,nonsemantic,3,2,2,"(3,2,2)",no,24,25,0.9600000000
rich/Table.add_column@2.3.1-3.0.0/Table.add_column#1YY/table.add_column__@2.3.1-3.0.0_L3_tempLst1.json,nonsemantic,10,8,8,"(10,8,8)",no,25,25,1.0000000000
rich/install@12.5.1-12.6.0/install#1YY/pretty.install__@12.5.1-12.6.0_L2_tempLst1.json,nonsemantic,7,1,2,"(7,1,2)",no,15,25,0.6000000000
rich/rich.layout.Layout@12.5.1-12.6.0/rich.layout.Layout#1YY/Layout__@12.5.1-12.6.0_L2_tempLst1.json,semantic,7,1,1,"(7,1,1)",no,24,25,0.9600000000
rich/rich.syntax.Syntax.from_path@11.0.0-11.1.0/rich.syntax.Syntax.from_path#1YY/Syntax.from_path__._example.py__@11.0.0-11.1.0_L2_tempLst1.json,nonsemantic,13,11,12,"(13,11,12)",no,15,25,0.6000000000
rich/rich.syntax.Syntax@10.16.2-11.0.0/rich.syntax.Syntax#1YY/Syntax__print__hello_world______python__@10.16.2-11.0.0_L2_tempLst1.json,semantic,13,1,1,"(13,1,1)",no,15,25,0.6000000000
rich/traceback.install@7.0.0-7.1.0/traceback.install#1YY/install__@7.0.0-7.1.0_L3_tempLst1.json,semantic,6,1,1,"(6,1,1)",no,19,25,0.7600000000
scipy/scipy.linalg.expm@0.19.1-1.0.0/scipy.linalg.expm#1YY/expm_A_@0.19.1-1.0.0_L4_tempLst1.json,semantic,2,1,1,"(2,1,1)",no,25,25,1.0000000000
scipy/scipy.linalg.solve@1.10.1-1.11.0/scipy.linalg.solve#1YY/scipy.linalg.solve_a__b_@1.10.1-1.11.0_L4_tempLst1.json,semantic,9,7,7,"(9,7,7)",no,22,25,0.8800000000
scipy/scipy.linalg.solve_banded@1.8.1-1.9.0/scipy.linalg.solve_banded#1YY/solve_banded_l_and_u__ab__b_@1.8.1-1.9.0_L6_tempLst1.json,semantic,7,2,2,"(7,2,2)",yes,22,25,0.8800000000
scipy/scipy.linalg.solve_triangular@1.8.1-1.9.0/scipy.linalg.solve_triangular#1YY/solve_triangular_a__b_@1.8.1-1.9.0_L5_tempLst1.json,semantic,8,2,2,"(8,2,2)",yes,23,25,0.9200000000
scipy/scipy.optimize.dual_annealing@1.9.3-1.10.0/scipy.optimize.dual_annealing#1YY/dual_annealing_objective__bounds_@1.9.3-1.10.0_L12_tempLst1.json,semantic,15,1,1,"(15,1,1)",no,24,25,0.9600000000
scipy/scipy.optimize.fmin_cobyla@0.19.1-1.0.0/scipy.optimize.fmin_cobyla#1YY/fmin_cobyla_objective__x0__constraints_@0.19.1-1.0.0_L13_tempLst1.json,semantic,11,4,4,"(11,4,4)",no,19,25,0.7600000000
scipy/scipy.sparse.linalg.bicg@0.19.1-1.0.0/scipy.sparse.linalg.bicg#1YY/spla.bicg_A__b_@0.19.1-1.0.0_L6_tempLst1.json,semantic,8,3,3,"(8,3,3)",no,23,25,0.9200000000
scipy/scipy.sparse.linalg.bicgstab@0.19.1-1.0.0/scipy.sparse.linalg.bicgstab#1YY/bicgstab_A__b_@0.19.1-1.0.0_L8_tempLst1.json,semantic,8,3,3,"(8,3,3)",no,23,25,0.9200000000
scipy/scipy.sparse.linalg.cg@0.19.1-1.0.0/scipy.sparse.linalg.cg#1YY/cg_A__b_@0.19.1-1.0.0_L5_tempLst1.json,semantic,8,3,3,"(8,3,3)",no,22,25,0.8800000000
scipy/scipy.sparse.linalg.cgs@0.19.1-1.0.0/scipy.sparse.linalg.cgs#1YY/cgs_A__b_@0.19.1-1.0.0_L6_tempLst1.json,semantic,8,3,3,"(8,3,3)",no,23,25,0.9200000000
scipy/scipy.sparse.linalg.gmres@0.19.1-1.0.0/scipy.sparse.linalg.gmres#1YY/gmres_A__b_@0.19.1-1.0.0_L13_tempLst1.json,semantic,10,4,4,"(10,4,4)",no,23,25,0.9200000000
scipy/scipy.sparse.linalg.minres@0.19.1-1.0.0/scipy.sparse.linalg.minres#1YY/minres_A__b_@0.19.1-1.0.0_L6_tempLst1.json,semantic,11,5,5,"(11,5,5)",no,23,25,0.9200000000
scipy/scipy.sparse.linalg.qmr@0.19.1-1.0.0/scipy.sparse.linalg.qmr#1YY/qmr_A__b_@0.19.1-1.0.0_L6_tempLst1.json,semantic,9,4,4,"(9,4,4)",yes,24,25,0.9600000000
scipy/scipy.sparse.linalg.splu@0.19.1-1.0.0/scipy.sparse.linalg.splu#1YY/splu_A_@0.19.1-1.0.0_L4_tempLst1.json,semantic,7,4,4,"(7,4,4)",no,25,25,1.0000000000
scipy/scipy.spatial.distance.cdist@0.19.1-1.0.0/scipy.spatial.distance.cdist#1YY/cdist_XA__XB_@0.19.1-1.0.0_L5_tempLst1.json,semantic,7,4,4,"(7,4,4)",no,23,25,0.9200000000
scipy/scipy.spatial.distance.pdist@0.19.1-1.0.0/scipy.spatial.distance.pdist#1YY/pdist_X_@0.19.1-1.0.0_L3_tempLst1.json,semantic,6,4,4,"(6,4,4)",no,24,25,0.9600000000
scipy/scipy.stats.qmc.LatinHypercube@1.9.3-1.10.0/scipy.stats.qmc.LatinHypercube#1YY/qmc.LatinHypercube_d_@1.9.3-1.10.0_L7_tempLst1.json,nonsemantic,6,2,2,"(6,2,2)",yes,16,25,0.6400000000
scipy/scipy.stats.rv_continuous@1.10.1-1.11.0/scipy.stats.rv_continuous#1YY/stats.rv_continuous__@1.10.1-1.11.0_L2_tempLst1.json,semantic,10,2,2,"(10,2,2)",yes,21,25,0.8400000000
scipy/scipy.stats.rv_discrete.expect@0.16.1-0.17.0/scipy.stats.rv_discrete.expect#1YY/custom_distribution.expect__@0.16.1-0.17.0_L6_tempLst1.json,semantic,16,12,15,"(16,12,15)",no,15,25,0.6000000000
scipy/scipy.stats.rv_discrete@1.10.1-1.11.0/scipy.stats.rv_discrete#1YY/rv_discrete__@1.10.1-1.11.0_L2_tempLst1.json,semantic,11,2,2,"(11,2,2)",no,24,25,0.9600000000
scipy/scipy.stats.shapiro@0.19.1-1.0.0/scipy.stats.shapiro#1YY/stats.shapiro_x_@0.19.1-1.0.0_L3_tempLst1.json,semantic,3,2,2,"(3,2,2)",no,25,25,1.0000000000
scipy/scipy.stats.ttest_ind@1.6.3-1.7.0/scipy.stats.ttest_ind#1YY/stats.ttest_ind_a__b_@1.6.3-1.7.0_L4_tempLst1.json,nonsemantic,8,3,4,"(8,3,4)",no,15,25,0.6000000000
sklearn/calibration.CalibratedClassifierCV@1.1.3-1.2.0/calibration.CalibratedClassifierCV#1YY/CalibratedClassifierCV__@1.1.3-1.2.0_L6_tempLst1.json,nonsemantic,5,1,2,"(5,1,2)",yes,15,25,0.6000000000
sklearn/cluster.AffinityPropagation@0.22.2-0.23.0/cluster.AffinityPropagation#1YY/AffinityPropagation__@0.22.2-0.23.0_L4_tempLst1.json,nonsemantic,8,8,8,"(8,8,8)",no,25,25,1.0000000000
sklearn/cluster.KMeans@0.22.2-0.23.0/cluster.KMeans#1YY/KMeans_2_@0.22.2-0.23.0_L4_tempLst1.json,nonsemantic,11,10,10,"(11,10,10)",no,24,25,0.9600000000
sklearn/cluster.SpectralBiclustering@0.22.2-0.23.0/cluster.SpectralBiclustering#1YY/SpectralBiclustering_2_@0.22.2-0.23.0_L4_tempLst1.json,nonsemantic,11,10,10,"(11,10,10)",no,24,25,0.9600000000
sklearn/cluster.SpectralCoclustering@0.22.2-0.23.0/cluster.SpectralCoclustering#1YY/SpectralCoclustering__@0.22.2-0.23.0_L4_tempLst1.json,nonsemantic,8,7,7,"(8,7,7)",no,22,25,0.8800000000
sklearn/datasets.make_blobs@0.22.2-0.23.0/datasets.make_blobs#1YY/make_blobs__@0.22.2-0.23.0_L2_tempLst1.json,nonsemantic,8,6,6,"(8,6,6)",yes,23,25,0.9200000000
sklearn/ensemble.AdaBoostClassifier@1.1.3-1.2.0/ensemble.AdaBoostClassifier#1YY/AdaBoostClassifier__@1.1.3-1.2.0_L4_tempLst1.json,nonsemantic,5,1,2,"(5,1,2)",yes,15,25,0.6000000000
sklearn/ensemble.AdaBoostRegressor@1.1.3-1.2.0/ensemble.AdaBoostRegressor#1YY/AdaBoostRegressor__@1.1.3-1.2.0_L4_tempLst1.json,nonsemantic,5,1,2,"(5,1,2)",yes,15,25,0.6000000000
sklearn/ensemble.BaggingClassifier@1.1.3-1.2.0/ensemble.BaggingClassifier#1YY/BaggingClassifier__@1.1.3-1.2.0_L5_tempLst1.json,nonsemantic,11,1,2,"(11,1,2)",no,16,25,0.6400000000
sklearn/ensemble.BaggingRegressor@1.1.3-1.2.0/ensemble.BaggingRegressor#1YY/BaggingRegressor__@1.1.3-1.2.0_L5_tempLst1.json,nonsemantic,11,1,2,"(11,1,2)",no,15,25,0.6000000000
sklearn/ensemble.GradientBoostingRegressor@0.23.2-0.24.0/ensemble.GradientBoostingRegressor#1YY/GradientBoostingRegressor__@0.23.2-0.24.0_L6_tempLst1.json,semantic,23,1,1,"(23,1,1)",no,20,25,0.8000000000
sklearn/ensemble.HistGradientBoostingRegressor@0.22.2-0.23.0/ensemble.HistGradientBoostingRegressor#1YY/HistGradientBoostingRegressor__@0.22.2-0.23.0_L5_tempLst1.json,nonsemantic,17,16,16,"(17,16,16)",no,19,25,0.7600000000
sklearn/linear_model.Lars@0.22.2-0.23.0/linear_model.Lars#1YY/linear_model.Lars__@0.22.2-0.23.0_L2_tempLst1.json,nonsemantic,10,10,10,"(10,10,10)",no,21,25,0.8400000000
sklearn/linear_model.LassoLars@0.22.2-0.23.0/linear_model.LassoLars#1YY/linear_model.LassoLars__@0.22.2-0.23.0_L2_tempLst1.json,nonsemantic,12,11,11,"(12,11,11)",no,23,25,0.9200000000
sklearn/linear_model.LinearRegression@1.1.3-1.2.0/linear_model.LinearRegression#1YY/LinearRegression__@1.1.3-1.2.0_L5_tempLst1.json,semantic,5,1,1,"(5,1,1)",no,20,25,0.8000000000
sklearn/linear_model.RANSACRegressor@0.17.1-0.18/linear_model.RANSACRegressor#1YY/RANSACRegressor__@0.17.1-0.18_L2_tempLst1.json,nonsemantic,11,1,2,"(11,1,2)",no,15,25,0.6000000000
sklearn/linear_model.RANSACRegressor@1.0.2-1.1.0/linear_model.RANSACRegressor#1YY/RANSACRegressor__@1.0.2-1.1.0_L5_tempLst1.json,nonsemantic,12,1,2,"(12,1,2)",no,15,25,0.6000000000
sklearn/linear_model.RANSACRegressor@1.2.2-1.3.0/linear_model.RANSACRegressor#1YY/RANSACRegressor__@1.2.2-1.3.0_L4_tempLst1.json,semantic,13,1,1,"(13,1,1)",no,25,25,1.0000000000
sklearn/linear_model.lasso_path@0.15.2-0.16.0/linear_model.lasso_path#1YY/lasso_path_X__y_@0.15.2-0.16.0_L5_tempLst1.json,semantic,13,6,8,"(13,6,8)",no,15,25,0.6000000000
sklearn/sklearn.cluster.SpectralClustering@0.21.3-0.22/sklearn.cluster.SpectralClustering#1YY/SpectralClustering_5_@0.21.3-0.22_L4_tempLst1.json,nonsemantic,13,11,12,"(13,11,12)",no,15,25,0.6000000000
sklearn/sklearn.discriminant_analysis.QuadraticDiscriminantAnalysis@0.18.1-0.19.0/sklearn.discriminant_analysis.QuadraticDiscriminantAnalysis#1YY/QuadraticDiscriminantAnalysis__@0.18.1-0.19.0_L5_tempLst1.json,nonsemantic,4,1,2,"(4,1,2)",no,16,25,0.6400000000
sklearn/sklearn.feature_selection.RFECV@0.17.1-0.18/sklearn.feature_selection.RFECV#1YY/RFECV_estimator_@0.17.1-0.18_L6_tempLst1.json,semantic,6,2,3,"(6,2,3)",yes,15,25,0.6000000000
sklearn/sklearn.linear_model.BayesianRidge@0.21.3-0.22/sklearn.linear_model.BayesianRidge#1YY/linear_model.BayesianRidge__@0.21.3-0.22_L2_tempLst1.json,nonsemantic,11,5,7,"(11,5,7)",no,16,25,0.6400000000
sklearn/sklearn.linear_model.PassiveAggressiveClassifier@0.18.1-0.19.0/sklearn.linear_model.PassiveAggressiveClassifier#1YY/PassiveAggressiveClassifier__@0.18.1-0.19.0_L2_tempLst1.json,nonsemantic,11,9,11,"(11,9,11)",no,15,25,0.6000000000
sklearn/sklearn.svm.NuSVC@0.21.3-0.22/sklearn.svm.NuSVC#1YY/NuSVC__@0.21.3-0.22_L5_tempLst1.json,nonsemantic,14,1,2,"(14,1,2)",no,15,25,0.6000000000
sklearn/sklearn.svm.SVC@0.21.3-0.22/sklearn.svm.SVC#1YY/SVC__@0.21.3-0.22_L5_tempLst1.json,nonsemantic,14,1,2,"(14,1,2)",no,15,25,0.6000000000
spacy/spacy.load@3.0.5-3.0.6/spacy.load#1YY/spacy.load_model_name_@3.0.5-3.0.6_L7_tempLst1.json,nonsemantic,5,4,4,"(5,4,4)",no,24,25,0.9600000000
sympy/sympy.GramSchmidt@0.7.6.1-1.0/sympy.GramSchmidt#1YY/sp.GramSchmidt_independent_vectors_@0.7.6.1-1.0_L6_tempLst1.json,semantic,2,1,1,"(2,1,1)",no,24,25,0.9600000000
sympy/sympy.crypto.crypto.rsa_private_key@1.4-1.5/sympy.crypto.crypto.rsa_private_key#1YY/rsa_private_key_p__q__e_@1.4-1.5_L6_tempLst1.json,semantic,3,3,3,"(3,3,3)",no,22,25,0.8800000000
sympy/sympy.crypto.crypto.rsa_public_key@1.4-1.5/sympy.crypto.crypto.rsa_public_key#1YY/rsa_public_key_p__q__e_@1.4-1.5_L6_tempLst1.json,semantic,3,3,3,"(3,3,3)",no,22,25,0.8800000000
sympy/sympy.geometry.Line3D.equation@1.11.1-1.12/sympy.geometry.Line3D.equation#1YY/line.equation__@1.11.1-1.12_L5_tempLst1.json,semantic,4,1,1,"(4,1,1)",no,25,25,1.0000000000
sympy/sympy.itermonomials@1.2-1.3/sympy.itermonomials#1NY/itermonomials__x__y___2_@1.2-1.3_L3_tempLst1.json,semantic,3,2,2,"(3,2,2)",no,23,25,0.9200000000
sympy/sympy.physics.mechanics.PinJoint@1.11.1-1.12/sympy.physics.mechanics.PinJoint#1YY/PinJoint__PC___parent__child_@1.11.1-1.12_L4_tempLst1.json,nonsemantic,12,5,7,"(12,5,7)",no,15,25,0.6000000000
sympy/sympy.physics.mechanics.PrismaticJoint@1.11.1-1.12/sympy.physics.mechanics.PrismaticJoint#1YY/PrismaticJoint__PC___parent__child_@1.11.1-1.12_L4_tempLst1.json,nonsemantic,12,5,7,"(12,5,7)",no,15,25,0.6000000000
sympy/sympy.physics.units.quantities.Quantity@1.1.1-1.2/sympy.physics.units.quantities.Quantity#1NY/Quantity__meter___length_@1.1.1-1.2_L3_tempLst1.json,nonsemantic,4,3,3,"(4,3,3)",no,25,25,1.0000000000
sympy/sympy.physics.units.quantities.Quantity@1.11.1-1.12/sympy.physics.units.quantities.Quantity#1YY/Quantity__velocity__@1.11.1-1.12_L2_tempLst1.json,semantic,9,7,7,"(9,7,7)",no,23,25,0.9200000000
tensorflow/tf.contrib.data.make_csv_dataset@1.10.1-1.11.0/tf.contrib.data.make_csv_dataset#1NN/tf.contrib.data.make_csv_dataset__._dev.csv___1__None__None__None__None_______True______True__None__True__10000__None__1__1__2__False__1_@1.10.1-1.11.0_L2_tempLst1.json,semantic,19,3,4,"(19,3,4)",no,15,25,0.6000000000
tensorflow/tf.contrib.data.make_csv_dataset@1.8.0-1.9.0/tf.contrib.data.make_csv_dataset#1NN/tf.contrib.data.make_csv_dataset__._dev.csv___1__None__None__None_______True______True__None__None__True__1__None__1__1__2__False__tf.float32__1_@1.8.0-1.9.0_L2_tempLst1.json,semantic,20,7,8,"(20,7,8)",no,16,25,0.6400000000
tensorflow/tf.data.Dataset.random@2.11.1-2.12.0/tf.data.Dataset.random#1YY/tf.data.Dataset.random__@2.11.1-2.12.0_L2_tempLst1.json,nonsemantic,2,1,2,"(2,1,2)",no,17,25,0.6800000000
tensorflow/tf.data.experimental.service.DispatchServer@2.3.4-2.4.0/tf.data.experimental.service.DispatchServer#1NY/tf.data.experimental.service.DispatchServer_0_@2.3.4-2.4.0_L2_tempLst1.json,semantic,3,3,4,"(3,3,4)",no,22,25,0.8800000000
tensorflow/tf.keras.losses.SparseCategoricalCrossentropy@2.9.3-2.10.0/tf.keras.losses.SparseCategoricalCrossentropy#1YY/tf.keras.losses.SparseCategoricalCrossentropy__@2.9.3-2.10.0_L2_tempLst1.json,nonsemantic,3,2,3,"(3,2,3)",no,15,25,0.6000000000
tensorflow/tf.string_split@1.13.2-1.14.0/tf.string_split#1YY/tf.string_split_string_tensor_@1.13.2-1.14.0_L4_tempLst1.json,nonsemantic,3,1,2,"(3,1,2)",no,16,25,0.6400000000
torch/torch.btrifact@1.0.1-1.1.0/torch.btrifact#1YY/torch.btrifact_A_@1.0.1-1.1.0_L3_tempLst1.json,semantic,3,2,3,"(3,2,3)",no,13,25,0.5200000000
tornado/tornado.autoreload.start@4.5.3-5.0/tornado.autoreload.start#1YY/tornado.autoreload.start__@4.5.3-5.0_L3_tempLst1.json,semantic,2,2,2,"(2,2,2)",no,22,25,0.8800000000
tornado/tornado.gen.YieldFuture@4.5.3-5.0/tornado.gen.YieldFuture#1YY/tornado.gen.YieldFuture_future_@4.5.3-5.0_L5_tempLst1.json,semantic,2,1,1,"(2,1,1)",no,25,25,1.0000000000
tornado/tornado.httpclient.AsyncHTTPClient.fetch@5.1.1-6.0/tornado.httpclient.AsyncHTTPClient.fetch#1YY/http_client.fetch__http___example.com__@5.1.1-6.0_L6_tempLst1.json,semantic,3,2,2,"(3,2,2)",no,15,25,0.6000000000
tornado/tornado.httpclient.AsyncHTTPClient@2.4.1-3.0/tornado.httpclient.AsyncHTTPClient#1YY/tornado.httpclient.AsyncHTTPClient__@2.4.1-3.0_L2_tempLst1.json,semantic,3,2,2,"(3,2,2)",no,24,25,0.9600000000
tornado/tornado.httpclient.HTTPRequest@3.0.2-3.1/tornado.httpclient.HTTPRequest#1YY/tornado.httpclient.HTTPRequest__http___httpbin.org_get__@3.0.2-3.1_L2_tempLst1.json,nonsemantic,27,21,22,"(27,21,22)",no,15,25,0.6000000000
tornado/tornado.ioloop.PeriodicCallback@4.5.3-5.0/tornado.ioloop.PeriodicCallback#1YY/tornado.ioloop.PeriodicCallback_my_callback__1000_@4.5.3-5.0_L5_tempLst1.json,semantic,3,1,1,"(3,1,1)",no,25,25,1.0000000000
tornado/tornado.iostream.BaseIOStream.read_bytes@5.1.1-6.0/tornado.iostream.BaseIOStream.read_bytes#1YY/stream.read_bytes_10_@5.1.1-6.0_L11_tempLst1.json,semantic,4,3,3,"(4,3,3)",no,15,25,0.6000000000
tornado/tornado.netutil.add_accept_handler@4.5.3-5.0/tornado.netutil.add_accept_handler#1YY/tornado.netutil.add_accept_handler_sock__accept_handler_@4.5.3-5.0_L9_tempLst1.json,semantic,3,1,1,"(3,1,1)",no,25,25,1.0000000000
tornado/tornado.platform.twisted.TornadoReactor@4.5.3-5.0/tornado.platform.twisted.TornadoReactor#1YY/tornado.platform.twisted.TornadoReactor__@4.5.3-5.0_L3_tempLst1.json,semantic,1,1,1,"(1,1,1)",no,25,25,1.0000000000
tornado/tornado.platform.twisted.install@4.5.3-5.0/tornado.platform.twisted.install#1YY/tornado.platform.twisted.install__@4.5.3-5.0_L2_tempLst1.json,semantic,1,1,1,"(1,1,1)",no,25,25,1.0000000000
tornado/tornado.tcpclient.TCPClient@4.5.3-5.0/tornado.tcpclient.TCPClient#1YY/tornado.tcpclient.TCPClient__@4.5.3-5.0_L7_tempLst1.json,semantic,2,1,1,"(2,1,1)",no,25,25,1.0000000000
tornado/tornado.tcpserver.TCPServer@4.5.3-5.0/tornado.tcpserver.TCPServer#1YY/tornado.tcpserver.TCPServer__@4.5.3-5.0_L3_tempLst1.json,semantic,4,4,4,"(4,4,4)",no,22,25,0.8800000000
transformers/transformers.modeling_albert.AlbertForPreTraining.forward@2.11.0-3.0.0/transformers.modeling_albert.AlbertForPreTraining.forward#1YY/model.forward_input_ids_@2.11.0-3.0.0_L11_tempLst1.json,semantic,10,3,3,"(10,3,3)",no,19,25,0.7600000000
xgboost/predict@1.3.3-1.4.0/predict#1YY/model.predict_X_test_@1.3.3-1.4.0_L8_tempLst1.json,semantic,6,2,2,"(6,2,2)",yes,23,25,0.9200000000
